[{"fields": {"navigation_extenders": null, "site": 1, "application_namespace": null, "path": "0001", "in_navigation": false, "reverse_id": null, "login_required": false, "created_by": "script", "languages": "zh-hant", "publication_end_date": null, "template": "index.html", "placeholders": [1, 2, 3, 4, 5, 6, 7, 8, 9, 10, 11, 12, 13, 14, 15, 16, 17, 18, 19, 20, 21, 22, 23, 24, 25, 26, 27, 28, 29, 30, 31, 32, 33, 34, 35, 36, 37, 38, 39, 40, 41, 42, 43, 44, 45, 46, 47, 48, 49, 50, 51, 52, 53, 54, 55, 56, 57, 58, 59, 60, 61], "changed_date": "2017-10-06T06:48:37.557Z", "limit_visibility_in_menu": null, "parent": null, "numchild": 0, "soft_root": false, "is_home": true, "publication_date": "2017-10-06T06:48:37.367Z", "creation_date": "2017-10-06T06:48:37.273Z", "publisher_public": 2, "application_urls": null, "changed_by": "script", "publisher_is_draft": true, "xframe_options": 0, "depth": 1, "revision_id": 0}, "model": "cms.page", "pk": 1}, {"fields": {"navigation_extenders": null, "site": 1, "application_namespace": null, "path": "0002", "in_navigation": false, "reverse_id": null, "login_required": false, "created_by": "script", "languages": "zh-hant", "publication_end_date": null, "template": "index.html", "placeholders": [62, 63, 64, 65, 66, 67, 68, 69, 70, 71, 72, 73, 74, 75, 76, 77, 78, 79, 80, 81, 82, 83, 84, 85, 86, 87, 88, 89, 90, 91, 92, 93, 94, 95, 96, 97, 98, 99, 100, 101, 102, 103, 104, 105, 106, 107, 108, 109, 110, 111, 112, 113, 114, 115, 116, 117, 118, 119, 120, 121, 122], "changed_date": "2017-10-06T06:48:37.531Z", "limit_visibility_in_menu": null, "parent": null, "numchild": 0, "soft_root": false, "is_home": true, "publication_date": "2017-10-06T06:48:37.367Z", "creation_date": "2017-10-06T06:48:37.369Z", "publisher_public": 1, "application_urls": null, "changed_by": "script", "publisher_is_draft": false, "xframe_options": 0, "depth": 1, "revision_id": 0}, "model": "cms.page", "pk": 2}, {"fields": {"slot": "index-h1-1", "default_width": null}, "model": "cms.placeholder", "pk": 1}, {"fields": {"slot": "index-span-1", "default_width": null}, "model": "cms.placeholder", "pk": 2}, {"fields": {"slot": "index-ul-1", "default_width": null}, "model": "cms.placeholder", "pk": 3}, {"fields": {"slot": "index-h2-1", "default_width": null}, "model": "cms.placeholder", "pk": 4}, {"fields": {"slot": "index-p-1", "default_width": null}, "model": "cms.placeholder", "pk": 5}, {"fields": {"slot": "index-a-8", "default_width": null}, "model": "cms.placeholder", "pk": 6}, {"fields": {"slot": "index-h3-1", "default_width": null}, "model": "cms.placeholder", "pk": 7}, {"fields": {"slot": "index-span-2", "default_width": null}, "model": "cms.placeholder", "pk": 8}, {"fields": {"slot": "index-h4-1", "default_width": null}, "model": "cms.placeholder", "pk": 9}, {"fields": {"slot": "index-p-2", "default_width": null}, "model": "cms.placeholder", "pk": 10}, {"fields": {"slot": "index-span-3", "default_width": null}, "model": "cms.placeholder", "pk": 11}, {"fields": {"slot": "index-h4-2", "default_width": null}, "model": "cms.placeholder", "pk": 12}, {"fields": {"slot": "index-p-3", "default_width": null}, "model": "cms.placeholder", "pk": 13}, {"fields": {"slot": "index-span-4", "default_width": null}, "model": "cms.placeholder", "pk": 14}, {"fields": {"slot": "index-h4-3", "default_width": null}, "model": "cms.placeholder", "pk": 15}, {"fields": {"slot": "index-p-4", "default_width": null}, "model": "cms.placeholder", "pk": 16}, {"fields": {"slot": "index-span-5", "default_width": null}, "model": "cms.placeholder", "pk": 17}, {"fields": {"slot": "index-h4-4", "default_width": null}, "model": "cms.placeholder", "pk": 18}, {"fields": {"slot": "index-p-5", "default_width": null}, "model": "cms.placeholder", "pk": 19}, {"fields": {"slot": "index-h3-2", "default_width": null}, "model": "cms.placeholder", "pk": 20}, {"fields": {"slot": "index-h4-5", "default_width": null}, "model": "cms.placeholder", "pk": 21}, {"fields": {"slot": "index-p-6", "default_width": null}, "model": "cms.placeholder", "pk": 22}, {"fields": {"slot": "index-h3-3", "default_width": null}, "model": "cms.placeholder", "pk": 23}, {"fields": {"slot": "index-a-13", "default_width": null}, "model": "cms.placeholder", "pk": 24}, {"fields": {"slot": "index-a-14", "default_width": null}, "model": "cms.placeholder", "pk": 25}, {"fields": {"slot": "index-a-15", "default_width": null}, "model": "cms.placeholder", "pk": 26}, {"fields": {"slot": "index-a-16", "default_width": null}, "model": "cms.placeholder", "pk": 27}, {"fields": {"slot": "index-a-17", "default_width": null}, "model": "cms.placeholder", "pk": 28}, {"fields": {"slot": "index-a-18", "default_width": null}, "model": "cms.placeholder", "pk": 29}, {"fields": {"slot": "index-a-19", "default_width": null}, "model": "cms.placeholder", "pk": 30}, {"fields": {"slot": "index-a-20", "default_width": null}, "model": "cms.placeholder", "pk": 31}, {"fields": {"slot": "index-a-21", "default_width": null}, "model": "cms.placeholder", "pk": 32}, {"fields": {"slot": "index-h3-4", "default_width": null}, "model": "cms.placeholder", "pk": 33}, {"fields": {"slot": "index-a-22", "default_width": null}, "model": "cms.placeholder", "pk": 34}, {"fields": {"slot": "index-h4-6", "default_width": null}, "model": "cms.placeholder", "pk": 35}, {"fields": {"slot": "index-span-15", "default_width": null}, "model": "cms.placeholder", "pk": 36}, {"fields": {"slot": "index-p-7", "default_width": null}, "model": "cms.placeholder", "pk": 37}, {"fields": {"slot": "index-a-24", "default_width": null}, "model": "cms.placeholder", "pk": 38}, {"fields": {"slot": "index-h4-7", "default_width": null}, "model": "cms.placeholder", "pk": 39}, {"fields": {"slot": "index-span-16", "default_width": null}, "model": "cms.placeholder", "pk": 40}, {"fields": {"slot": "index-p-8", "default_width": null}, "model": "cms.placeholder", "pk": 41}, {"fields": {"slot": "index-a-26", "default_width": null}, "model": "cms.placeholder", "pk": 42}, {"fields": {"slot": "index-h4-8", "default_width": null}, "model": "cms.placeholder", "pk": 43}, {"fields": {"slot": "index-span-17", "default_width": null}, "model": "cms.placeholder", "pk": 44}, {"fields": {"slot": "index-p-9", "default_width": null}, "model": "cms.placeholder", "pk": 45}, {"fields": {"slot": "index-h3-5", "default_width": null}, "model": "cms.placeholder", "pk": 46}, {"fields": {"slot": "index-form-1", "default_width": null}, "model": "cms.placeholder", "pk": 47}, {"fields": {"slot": "index-span-18", "default_width": null}, "model": "cms.placeholder", "pk": 48}, {"fields": {"slot": "index-h4-9", "default_width": null}, "model": "cms.placeholder", "pk": 49}, {"fields": {"slot": "index-span-19", "default_width": null}, "model": "cms.placeholder", "pk": 50}, {"fields": {"slot": "index-p-10", "default_width": null}, "model": "cms.placeholder", "pk": 51}, {"fields": {"slot": "index-span-20", "default_width": null}, "model": "cms.placeholder", "pk": 52}, {"fields": {"slot": "index-p-11", "default_width": null}, "model": "cms.placeholder", "pk": 53}, {"fields": {"slot": "index-p-12", "default_width": null}, "model": "cms.placeholder", "pk": 54}, {"fields": {"slot": "index-a-30", "default_width": null}, "model": "cms.placeholder", "pk": 55}, {"fields": {"slot": "index-a-31", "default_width": null}, "model": "cms.placeholder", "pk": 56}, {"fields": {"slot": "index-a-32", "default_width": null}, "model": "cms.placeholder", "pk": 57}, {"fields": {"slot": "index-a-33", "default_width": null}, "model": "cms.placeholder", "pk": 58}, {"fields": {"slot": "index-a-34", "default_width": null}, "model": "cms.placeholder", "pk": 59}, {"fields": {"slot": "index-a-35", "default_width": null}, "model": "cms.placeholder", "pk": 60}, {"fields": {"slot": "index-a-36", "default_width": null}, "model": "cms.placeholder", "pk": 61}, {"fields": {"slot": "index-h1-1", "default_width": null}, "model": "cms.placeholder", "pk": 62}, {"fields": {"slot": "index-span-1", "default_width": null}, "model": "cms.placeholder", "pk": 63}, {"fields": {"slot": "index-ul-1", "default_width": null}, "model": "cms.placeholder", "pk": 64}, {"fields": {"slot": "index-h2-1", "default_width": null}, "model": "cms.placeholder", "pk": 65}, {"fields": {"slot": "index-p-1", "default_width": null}, "model": "cms.placeholder", "pk": 66}, {"fields": {"slot": "index-a-8", "default_width": null}, "model": "cms.placeholder", "pk": 67}, {"fields": {"slot": "index-h3-1", "default_width": null}, "model": "cms.placeholder", "pk": 68}, {"fields": {"slot": "index-span-2", "default_width": null}, "model": "cms.placeholder", "pk": 69}, {"fields": {"slot": "index-h4-1", "default_width": null}, "model": "cms.placeholder", "pk": 70}, {"fields": {"slot": "index-p-2", "default_width": null}, "model": "cms.placeholder", "pk": 71}, {"fields": {"slot": "index-span-3", "default_width": null}, "model": "cms.placeholder", "pk": 72}, {"fields": {"slot": "index-h4-2", "default_width": null}, "model": "cms.placeholder", "pk": 73}, {"fields": {"slot": "index-p-3", "default_width": null}, "model": "cms.placeholder", "pk": 74}, {"fields": {"slot": "index-span-4", "default_width": null}, "model": "cms.placeholder", "pk": 75}, {"fields": {"slot": "index-h4-3", "default_width": null}, "model": "cms.placeholder", "pk": 76}, {"fields": {"slot": "index-p-4", "default_width": null}, "model": "cms.placeholder", "pk": 77}, {"fields": {"slot": "index-span-5", "default_width": null}, "model": "cms.placeholder", "pk": 78}, {"fields": {"slot": "index-h4-4", "default_width": null}, "model": "cms.placeholder", "pk": 79}, {"fields": {"slot": "index-p-5", "default_width": null}, "model": "cms.placeholder", "pk": 80}, {"fields": {"slot": "index-h3-2", "default_width": null}, "model": "cms.placeholder", "pk": 81}, {"fields": {"slot": "index-h4-5", "default_width": null}, "model": "cms.placeholder", "pk": 82}, {"fields": {"slot": "index-p-6", "default_width": null}, "model": "cms.placeholder", "pk": 83}, {"fields": {"slot": "index-h3-3", "default_width": null}, "model": "cms.placeholder", "pk": 84}, {"fields": {"slot": "index-a-13", "default_width": null}, "model": "cms.placeholder", "pk": 85}, {"fields": {"slot": "index-a-14", "default_width": null}, "model": "cms.placeholder", "pk": 86}, {"fields": {"slot": "index-a-15", "default_width": null}, "model": "cms.placeholder", "pk": 87}, {"fields": {"slot": "index-a-16", "default_width": null}, "model": "cms.placeholder", "pk": 88}, {"fields": {"slot": "index-a-17", "default_width": null}, "model": "cms.placeholder", "pk": 89}, {"fields": {"slot": "index-a-18", "default_width": null}, "model": "cms.placeholder", "pk": 90}, {"fields": {"slot": "index-a-19", "default_width": null}, "model": "cms.placeholder", "pk": 91}, {"fields": {"slot": "index-a-20", "default_width": null}, "model": "cms.placeholder", "pk": 92}, {"fields": {"slot": "index-a-21", "default_width": null}, "model": "cms.placeholder", "pk": 93}, {"fields": {"slot": "index-h3-4", "default_width": null}, "model": "cms.placeholder", "pk": 94}, {"fields": {"slot": "index-a-22", "default_width": null}, "model": "cms.placeholder", "pk": 95}, {"fields": {"slot": "index-h4-6", "default_width": null}, "model": "cms.placeholder", "pk": 96}, {"fields": {"slot": "index-span-15", "default_width": null}, "model": "cms.placeholder", "pk": 97}, {"fields": {"slot": "index-p-7", "default_width": null}, "model": "cms.placeholder", "pk": 98}, {"fields": {"slot": "index-a-24", "default_width": null}, "model": "cms.placeholder", "pk": 99}, {"fields": {"slot": "index-h4-7", "default_width": null}, "model": "cms.placeholder", "pk": 100}, {"fields": {"slot": "index-span-16", "default_width": null}, "model": "cms.placeholder", "pk": 101}, {"fields": {"slot": "index-p-8", "default_width": null}, "model": "cms.placeholder", "pk": 102}, {"fields": {"slot": "index-a-26", "default_width": null}, "model": "cms.placeholder", "pk": 103}, {"fields": {"slot": "index-h4-8", "default_width": null}, "model": "cms.placeholder", "pk": 104}, {"fields": {"slot": "index-span-17", "default_width": null}, "model": "cms.placeholder", "pk": 105}, {"fields": {"slot": "index-p-9", "default_width": null}, "model": "cms.placeholder", "pk": 106}, {"fields": {"slot": "index-h3-5", "default_width": null}, "model": "cms.placeholder", "pk": 107}, {"fields": {"slot": "index-form-1", "default_width": null}, "model": "cms.placeholder", "pk": 108}, {"fields": {"slot": "index-span-18", "default_width": null}, "model": "cms.placeholder", "pk": 109}, {"fields": {"slot": "index-h4-9", "default_width": null}, "model": "cms.placeholder", "pk": 110}, {"fields": {"slot": "index-span-19", "default_width": null}, "model": "cms.placeholder", "pk": 111}, {"fields": {"slot": "index-p-10", "default_width": null}, "model": "cms.placeholder", "pk": 112}, {"fields": {"slot": "index-span-20", "default_width": null}, "model": "cms.placeholder", "pk": 113}, {"fields": {"slot": "index-p-11", "default_width": null}, "model": "cms.placeholder", "pk": 114}, {"fields": {"slot": "index-p-12", "default_width": null}, "model": "cms.placeholder", "pk": 115}, {"fields": {"slot": "index-a-30", "default_width": null}, "model": "cms.placeholder", "pk": 116}, {"fields": {"slot": "index-a-31", "default_width": null}, "model": "cms.placeholder", "pk": 117}, {"fields": {"slot": "index-a-32", "default_width": null}, "model": "cms.placeholder", "pk": 118}, {"fields": {"slot": "index-a-33", "default_width": null}, "model": "cms.placeholder", "pk": 119}, {"fields": {"slot": "index-a-34", "default_width": null}, "model": "cms.placeholder", "pk": 120}, {"fields": {"slot": "index-a-35", "default_width": null}, "model": "cms.placeholder", "pk": 121}, {"fields": {"slot": "index-a-36", "default_width": null}, "model": "cms.placeholder", "pk": 122}, {"fields": {"changed_date": "2017-10-06T06:48:38.529Z", "language": "zh-hant", "parent": null, "numchild": 0, "creation_date": "2017-10-06T06:48:38.526Z", "depth": 1, "position": 0, "path": "0001", "placeholder": 1, "plugin_type": "TextPlugin"}, "model": "cms.cmsplugin", "pk": 1}, {"fields": {"changed_date": "2017-10-06T06:48:38.543Z", "language": "zh-hant", "parent": null, "numchild": 0, "creation_date": "2017-10-06T06:48:38.541Z", "depth": 1, "position": 0, "path": "0002", "placeholder": 62, "plugin_type": "TextPlugin"}, "model": "cms.cmsplugin", "pk": 2}, {"fields": {"changed_date": "2017-10-06T06:48:38.553Z", "language": "zh-hant", "parent": null, "numchild": 0, "creation_date": "2017-10-06T06:48:38.550Z", "depth": 1, "position": 0, "path": "0003", "placeholder": 2, "plugin_type": "FilerImagePlugin"}, "model": "cms.cmsplugin", "pk": 3}, {"fields": {"changed_date": "2017-10-06T06:48:38.557Z", "language": "zh-hant", "parent": null, "numchild": 0, "creation_date": "2017-10-06T06:48:38.555Z", "depth": 1, "position": 0, "path": "0004", "placeholder": 63, "plugin_type": "FilerImagePlugin"}, "model": "cms.cmsplugin", "pk": 4}, {"fields": {"changed_date": "2017-10-06T06:48:38.562Z", "language": "zh-hant", "parent": null, "numchild": 0, "creation_date": "2017-10-06T06:48:38.560Z", "depth": 1, "position": 0, "path": "0005", "placeholder": 3, "plugin_type": "TextPlugin"}, "model": "cms.cmsplugin", "pk": 5}, {"fields": {"changed_date": "2017-10-06T06:48:38.575Z", "language": "zh-hant", "parent": null, "numchild": 0, "creation_date": "2017-10-06T06:48:38.572Z", "depth": 1, "position": 0, "path": "0006", "placeholder": 64, "plugin_type": "TextPlugin"}, "model": "cms.cmsplugin", "pk": 6}, {"fields": {"changed_date": "2017-10-06T06:48:38.588Z", "language": "zh-hant", "parent": null, "numchild": 0, "creation_date": "2017-10-06T06:48:38.586Z", "depth": 1, "position": 0, "path": "0007", "placeholder": 4, "plugin_type": "TextPlugin"}, "model": "cms.cmsplugin", "pk": 7}, {"fields": {"changed_date": "2017-10-06T06:48:38.596Z", "language": "zh-hant", "parent": null, "numchild": 0, "creation_date": "2017-10-06T06:48:38.594Z", "depth": 1, "position": 0, "path": "0008", "placeholder": 65, "plugin_type": "TextPlugin"}, "model": "cms.cmsplugin", "pk": 8}, {"fields": {"changed_date": "2017-10-06T06:48:38.605Z", "language": "zh-hant", "parent": null, "numchild": 0, "creation_date": "2017-10-06T06:48:38.603Z", "depth": 1, "position": 0, "path": "0009", "placeholder": 5, "plugin_type": "TextPlugin"}, "model": "cms.cmsplugin", "pk": 9}, {"fields": {"changed_date": "2017-10-06T06:48:38.613Z", "language": "zh-hant", "parent": null, "numchild": 0, "creation_date": "2017-10-06T06:48:38.611Z", "depth": 1, "position": 0, "path": "000A", "placeholder": 66, "plugin_type": "TextPlugin"}, "model": "cms.cmsplugin", "pk": 10}, {"fields": {"changed_date": "2017-10-06T06:48:38.622Z", "language": "zh-hant", "parent": null, "numchild": 0, "creation_date": "2017-10-06T06:48:38.620Z", "depth": 1, "position": 0, "path": "000B", "placeholder": 6, "plugin_type": "TextPlugin"}, "model": "cms.cmsplugin", "pk": 11}, {"fields": {"changed_date": "2017-10-06T06:48:38.631Z", "language": "zh-hant", "parent": null, "numchild": 0, "creation_date": "2017-10-06T06:48:38.629Z", "depth": 1, "position": 0, "path": "000C", "placeholder": 67, "plugin_type": "TextPlugin"}, "model": "cms.cmsplugin", "pk": 12}, {"fields": {"changed_date": "2017-10-06T06:48:38.640Z", "language": "zh-hant", "parent": null, "numchild": 0, "creation_date": "2017-10-06T06:48:38.638Z", "depth": 1, "position": 0, "path": "000D", "placeholder": 7, "plugin_type": "TextPlugin"}, "model": "cms.cmsplugin", "pk": 13}, {"fields": {"changed_date": "2017-10-06T06:48:38.648Z", "language": "zh-hant", "parent": null, "numchild": 0, "creation_date": "2017-10-06T06:48:38.646Z", "depth": 1, "position": 0, "path": "000E", "placeholder": 68, "plugin_type": "TextPlugin"}, "model": "cms.cmsplugin", "pk": 14}, {"fields": {"changed_date": "2017-10-06T06:48:38.657Z", "language": "zh-hant", "parent": null, "numchild": 0, "creation_date": "2017-10-06T06:48:38.654Z", "depth": 1, "position": 0, "path": "000F", "placeholder": 8, "plugin_type": "TextPlugin"}, "model": "cms.cmsplugin", "pk": 15}, {"fields": {"changed_date": "2017-10-06T06:48:38.664Z", "language": "zh-hant", "parent": null, "numchild": 0, "creation_date": "2017-10-06T06:48:38.662Z", "depth": 1, "position": 0, "path": "000G", "placeholder": 69, "plugin_type": "TextPlugin"}, "model": "cms.cmsplugin", "pk": 16}, {"fields": {"changed_date": "2017-10-06T06:48:38.673Z", "language": "zh-hant", "parent": null, "numchild": 0, "creation_date": "2017-10-06T06:48:38.671Z", "depth": 1, "position": 0, "path": "000H", "placeholder": 9, "plugin_type": "TextPlugin"}, "model": "cms.cmsplugin", "pk": 17}, {"fields": {"changed_date": "2017-10-06T06:48:38.683Z", "language": "zh-hant", "parent": null, "numchild": 0, "creation_date": "2017-10-06T06:48:38.680Z", "depth": 1, "position": 0, "path": "000I", "placeholder": 70, "plugin_type": "TextPlugin"}, "model": "cms.cmsplugin", "pk": 18}, {"fields": {"changed_date": "2017-10-06T06:48:38.693Z", "language": "zh-hant", "parent": null, "numchild": 0, "creation_date": "2017-10-06T06:48:38.691Z", "depth": 1, "position": 0, "path": "000J", "placeholder": 10, "plugin_type": "TextPlugin"}, "model": "cms.cmsplugin", "pk": 19}, {"fields": {"changed_date": "2017-10-06T06:48:38.703Z", "language": "zh-hant", "parent": null, "numchild": 0, "creation_date": "2017-10-06T06:48:38.700Z", "depth": 1, "position": 0, "path": "000K", "placeholder": 71, "plugin_type": "TextPlugin"}, "model": "cms.cmsplugin", "pk": 20}, {"fields": {"changed_date": "2017-10-06T06:48:38.712Z", "language": "zh-hant", "parent": null, "numchild": 0, "creation_date": "2017-10-06T06:48:38.710Z", "depth": 1, "position": 0, "path": "000L", "placeholder": 11, "plugin_type": "TextPlugin"}, "model": "cms.cmsplugin", "pk": 21}, {"fields": {"changed_date": "2017-10-06T06:48:38.721Z", "language": "zh-hant", "parent": null, "numchild": 0, "creation_date": "2017-10-06T06:48:38.719Z", "depth": 1, "position": 0, "path": "000M", "placeholder": 72, "plugin_type": "TextPlugin"}, "model": "cms.cmsplugin", "pk": 22}, {"fields": {"changed_date": "2017-10-06T06:48:38.730Z", "language": "zh-hant", "parent": null, "numchild": 0, "creation_date": "2017-10-06T06:48:38.728Z", "depth": 1, "position": 0, "path": "000N", "placeholder": 12, "plugin_type": "TextPlugin"}, "model": "cms.cmsplugin", "pk": 23}, {"fields": {"changed_date": "2017-10-06T06:48:38.740Z", "language": "zh-hant", "parent": null, "numchild": 0, "creation_date": "2017-10-06T06:48:38.738Z", "depth": 1, "position": 0, "path": "000O", "placeholder": 73, "plugin_type": "TextPlugin"}, "model": "cms.cmsplugin", "pk": 24}, {"fields": {"changed_date": "2017-10-06T06:48:38.750Z", "language": "zh-hant", "parent": null, "numchild": 0, "creation_date": "2017-10-06T06:48:38.747Z", "depth": 1, "position": 0, "path": "000P", "placeholder": 13, "plugin_type": "TextPlugin"}, "model": "cms.cmsplugin", "pk": 25}, {"fields": {"changed_date": "2017-10-06T06:48:38.760Z", "language": "zh-hant", "parent": null, "numchild": 0, "creation_date": "2017-10-06T06:48:38.757Z", "depth": 1, "position": 0, "path": "000Q", "placeholder": 74, "plugin_type": "TextPlugin"}, "model": "cms.cmsplugin", "pk": 26}, {"fields": {"changed_date": "2017-10-06T06:48:38.769Z", "language": "zh-hant", "parent": null, "numchild": 0, "creation_date": "2017-10-06T06:48:38.767Z", "depth": 1, "position": 0, "path": "000R", "placeholder": 14, "plugin_type": "TextPlugin"}, "model": "cms.cmsplugin", "pk": 27}, {"fields": {"changed_date": "2017-10-06T06:48:38.778Z", "language": "zh-hant", "parent": null, "numchild": 0, "creation_date": "2017-10-06T06:48:38.775Z", "depth": 1, "position": 0, "path": "000S", "placeholder": 75, "plugin_type": "TextPlugin"}, "model": "cms.cmsplugin", "pk": 28}, {"fields": {"changed_date": "2017-10-06T06:48:38.788Z", "language": "zh-hant", "parent": null, "numchild": 0, "creation_date": "2017-10-06T06:48:38.786Z", "depth": 1, "position": 0, "path": "000T", "placeholder": 15, "plugin_type": "TextPlugin"}, "model": "cms.cmsplugin", "pk": 29}, {"fields": {"changed_date": "2017-10-06T06:48:38.797Z", "language": "zh-hant", "parent": null, "numchild": 0, "creation_date": "2017-10-06T06:48:38.795Z", "depth": 1, "position": 0, "path": "000U", "placeholder": 76, "plugin_type": "TextPlugin"}, "model": "cms.cmsplugin", "pk": 30}, {"fields": {"changed_date": "2017-10-06T06:48:38.806Z", "language": "zh-hant", "parent": null, "numchild": 0, "creation_date": "2017-10-06T06:48:38.804Z", "depth": 1, "position": 0, "path": "000V", "placeholder": 16, "plugin_type": "TextPlugin"}, "model": "cms.cmsplugin", "pk": 31}, {"fields": {"changed_date": "2017-10-06T06:48:38.815Z", "language": "zh-hant", "parent": null, "numchild": 0, "creation_date": "2017-10-06T06:48:38.813Z", "depth": 1, "position": 0, "path": "000W", "placeholder": 77, "plugin_type": "TextPlugin"}, "model": "cms.cmsplugin", "pk": 32}, {"fields": {"changed_date": "2017-10-06T06:48:38.825Z", "language": "zh-hant", "parent": null, "numchild": 0, "creation_date": "2017-10-06T06:48:38.822Z", "depth": 1, "position": 0, "path": "000X", "placeholder": 17, "plugin_type": "TextPlugin"}, "model": "cms.cmsplugin", "pk": 33}, {"fields": {"changed_date": "2017-10-06T06:48:38.833Z", "language": "zh-hant", "parent": null, "numchild": 0, "creation_date": "2017-10-06T06:48:38.830Z", "depth": 1, "position": 0, "path": "000Y", "placeholder": 78, "plugin_type": "TextPlugin"}, "model": "cms.cmsplugin", "pk": 34}, {"fields": {"changed_date": "2017-10-06T06:48:38.841Z", "language": "zh-hant", "parent": null, "numchild": 0, "creation_date": "2017-10-06T06:48:38.839Z", "depth": 1, "position": 0, "path": "000Z", "placeholder": 18, "plugin_type": "TextPlugin"}, "model": "cms.cmsplugin", "pk": 35}, {"fields": {"changed_date": "2017-10-06T06:48:38.850Z", "language": "zh-hant", "parent": null, "numchild": 0, "creation_date": "2017-10-06T06:48:38.847Z", "depth": 1, "position": 0, "path": "0010", "placeholder": 79, "plugin_type": "TextPlugin"}, "model": "cms.cmsplugin", "pk": 36}, {"fields": {"changed_date": "2017-10-06T06:48:38.859Z", "language": "zh-hant", "parent": null, "numchild": 0, "creation_date": "2017-10-06T06:48:38.856Z", "depth": 1, "position": 0, "path": "0011", "placeholder": 19, "plugin_type": "TextPlugin"}, "model": "cms.cmsplugin", "pk": 37}, {"fields": {"changed_date": "2017-10-06T06:48:38.867Z", "language": "zh-hant", "parent": null, "numchild": 0, "creation_date": "2017-10-06T06:48:38.865Z", "depth": 1, "position": 0, "path": "0012", "placeholder": 80, "plugin_type": "TextPlugin"}, "model": "cms.cmsplugin", "pk": 38}, {"fields": {"changed_date": "2017-10-06T06:48:38.875Z", "language": "zh-hant", "parent": null, "numchild": 0, "creation_date": "2017-10-06T06:48:38.873Z", "depth": 1, "position": 0, "path": "0013", "placeholder": 20, "plugin_type": "TextPlugin"}, "model": "cms.cmsplugin", "pk": 39}, {"fields": {"changed_date": "2017-10-06T06:48:38.884Z", "language": "zh-hant", "parent": null, "numchild": 0, "creation_date": "2017-10-06T06:48:38.881Z", "depth": 1, "position": 0, "path": "0014", "placeholder": 81, "plugin_type": "TextPlugin"}, "model": "cms.cmsplugin", "pk": 40}, {"fields": {"changed_date": "2017-10-06T06:48:38.892Z", "language": "zh-hant", "parent": null, "numchild": 0, "creation_date": "2017-10-06T06:48:38.890Z", "depth": 1, "position": 0, "path": "0015", "placeholder": 21, "plugin_type": "TextPlugin"}, "model": "cms.cmsplugin", "pk": 41}, {"fields": {"changed_date": "2017-10-06T06:48:38.901Z", "language": "zh-hant", "parent": null, "numchild": 0, "creation_date": "2017-10-06T06:48:38.898Z", "depth": 1, "position": 0, "path": "0016", "placeholder": 82, "plugin_type": "TextPlugin"}, "model": "cms.cmsplugin", "pk": 42}, {"fields": {"changed_date": "2017-10-06T06:48:38.909Z", "language": "zh-hant", "parent": null, "numchild": 0, "creation_date": "2017-10-06T06:48:38.907Z", "depth": 1, "position": 0, "path": "0017", "placeholder": 22, "plugin_type": "TextPlugin"}, "model": "cms.cmsplugin", "pk": 43}, {"fields": {"changed_date": "2017-10-06T06:48:38.918Z", "language": "zh-hant", "parent": null, "numchild": 0, "creation_date": "2017-10-06T06:48:38.916Z", "depth": 1, "position": 0, "path": "0018", "placeholder": 83, "plugin_type": "TextPlugin"}, "model": "cms.cmsplugin", "pk": 44}, {"fields": {"changed_date": "2017-10-06T06:48:38.927Z", "language": "zh-hant", "parent": null, "numchild": 0, "creation_date": "2017-10-06T06:48:38.924Z", "depth": 1, "position": 0, "path": "0019", "placeholder": 23, "plugin_type": "TextPlugin"}, "model": "cms.cmsplugin", "pk": 45}, {"fields": {"changed_date": "2017-10-06T06:48:38.938Z", "language": "zh-hant", "parent": null, "numchild": 0, "creation_date": "2017-10-06T06:48:38.934Z", "depth": 1, "position": 0, "path": "001A", "placeholder": 84, "plugin_type": "TextPlugin"}, "model": "cms.cmsplugin", "pk": 46}, {"fields": {"changed_date": "2017-10-06T06:48:38.948Z", "language": "zh-hant", "parent": null, "numchild": 0, "creation_date": "2017-10-06T06:48:38.945Z", "depth": 1, "position": 0, "path": "001B", "placeholder": 24, "plugin_type": "TextPlugin"}, "model": "cms.cmsplugin", "pk": 47}, {"fields": {"changed_date": "2017-10-06T06:48:38.958Z", "language": "zh-hant", "parent": null, "numchild": 0, "creation_date": "2017-10-06T06:48:38.956Z", "depth": 1, "position": 0, "path": "001C", "placeholder": 85, "plugin_type": "TextPlugin"}, "model": "cms.cmsplugin", "pk": 48}, {"fields": {"changed_date": "2017-10-06T06:48:38.969Z", "language": "zh-hant", "parent": null, "numchild": 0, "creation_date": "2017-10-06T06:48:38.966Z", "depth": 1, "position": 0, "path": "001D", "placeholder": 25, "plugin_type": "TextPlugin"}, "model": "cms.cmsplugin", "pk": 49}, {"fields": {"changed_date": "2017-10-06T06:48:38.980Z", "language": "zh-hant", "parent": null, "numchild": 0, "creation_date": "2017-10-06T06:48:38.978Z", "depth": 1, "position": 0, "path": "001E", "placeholder": 86, "plugin_type": "TextPlugin"}, "model": "cms.cmsplugin", "pk": 50}, {"fields": {"changed_date": "2017-10-06T06:48:38.991Z", "language": "zh-hant", "parent": null, "numchild": 0, "creation_date": "2017-10-06T06:48:38.988Z", "depth": 1, "position": 0, "path": "001F", "placeholder": 26, "plugin_type": "TextPlugin"}, "model": "cms.cmsplugin", "pk": 51}, {"fields": {"changed_date": "2017-10-06T06:48:39.001Z", "language": "zh-hant", "parent": null, "numchild": 0, "creation_date": "2017-10-06T06:48:38.999Z", "depth": 1, "position": 0, "path": "001G", "placeholder": 87, "plugin_type": "TextPlugin"}, "model": "cms.cmsplugin", "pk": 52}, {"fields": {"changed_date": "2017-10-06T06:48:39.011Z", "language": "zh-hant", "parent": null, "numchild": 0, "creation_date": "2017-10-06T06:48:39.009Z", "depth": 1, "position": 0, "path": "001H", "placeholder": 27, "plugin_type": "TextPlugin"}, "model": "cms.cmsplugin", "pk": 53}, {"fields": {"changed_date": "2017-10-06T06:48:39.021Z", "language": "zh-hant", "parent": null, "numchild": 0, "creation_date": "2017-10-06T06:48:39.019Z", "depth": 1, "position": 0, "path": "001I", "placeholder": 88, "plugin_type": "TextPlugin"}, "model": "cms.cmsplugin", "pk": 54}, {"fields": {"changed_date": "2017-10-06T06:48:39.032Z", "language": "zh-hant", "parent": null, "numchild": 0, "creation_date": "2017-10-06T06:48:39.030Z", "depth": 1, "position": 0, "path": "001J", "placeholder": 28, "plugin_type": "TextPlugin"}, "model": "cms.cmsplugin", "pk": 55}, {"fields": {"changed_date": "2017-10-06T06:48:39.042Z", "language": "zh-hant", "parent": null, "numchild": 0, "creation_date": "2017-10-06T06:48:39.040Z", "depth": 1, "position": 0, "path": "001K", "placeholder": 89, "plugin_type": "TextPlugin"}, "model": "cms.cmsplugin", "pk": 56}, {"fields": {"changed_date": "2017-10-06T06:48:39.053Z", "language": "zh-hant", "parent": null, "numchild": 0, "creation_date": "2017-10-06T06:48:39.051Z", "depth": 1, "position": 0, "path": "001L", "placeholder": 29, "plugin_type": "TextPlugin"}, "model": "cms.cmsplugin", "pk": 57}, {"fields": {"changed_date": "2017-10-06T06:48:39.062Z", "language": "zh-hant", "parent": null, "numchild": 0, "creation_date": "2017-10-06T06:48:39.060Z", "depth": 1, "position": 0, "path": "001M", "placeholder": 90, "plugin_type": "TextPlugin"}, "model": "cms.cmsplugin", "pk": 58}, {"fields": {"changed_date": "2017-10-06T06:48:39.074Z", "language": "zh-hant", "parent": null, "numchild": 0, "creation_date": "2017-10-06T06:48:39.071Z", "depth": 1, "position": 0, "path": "001N", "placeholder": 30, "plugin_type": "TextPlugin"}, "model": "cms.cmsplugin", "pk": 59}, {"fields": {"changed_date": "2017-10-06T06:48:39.084Z", "language": "zh-hant", "parent": null, "numchild": 0, "creation_date": "2017-10-06T06:48:39.082Z", "depth": 1, "position": 0, "path": "001O", "placeholder": 91, "plugin_type": "TextPlugin"}, "model": "cms.cmsplugin", "pk": 60}, {"fields": {"changed_date": "2017-10-06T06:48:39.097Z", "language": "zh-hant", "parent": null, "numchild": 0, "creation_date": "2017-10-06T06:48:39.093Z", "depth": 1, "position": 0, "path": "001P", "placeholder": 31, "plugin_type": "TextPlugin"}, "model": "cms.cmsplugin", "pk": 61}, {"fields": {"changed_date": "2017-10-06T06:48:39.108Z", "language": "zh-hant", "parent": null, "numchild": 0, "creation_date": "2017-10-06T06:48:39.106Z", "depth": 1, "position": 0, "path": "001Q", "placeholder": 92, "plugin_type": "TextPlugin"}, "model": "cms.cmsplugin", "pk": 62}, {"fields": {"changed_date": "2017-10-06T06:48:39.119Z", "language": "zh-hant", "parent": null, "numchild": 0, "creation_date": "2017-10-06T06:48:39.116Z", "depth": 1, "position": 0, "path": "001R", "placeholder": 32, "plugin_type": "TextPlugin"}, "model": "cms.cmsplugin", "pk": 63}, {"fields": {"changed_date": "2017-10-06T06:48:39.128Z", "language": "zh-hant", "parent": null, "numchild": 0, "creation_date": "2017-10-06T06:48:39.126Z", "depth": 1, "position": 0, "path": "001S", "placeholder": 93, "plugin_type": "TextPlugin"}, "model": "cms.cmsplugin", "pk": 64}, {"fields": {"changed_date": "2017-10-06T06:48:39.139Z", "language": "zh-hant", "parent": null, "numchild": 0, "creation_date": "2017-10-06T06:48:39.137Z", "depth": 1, "position": 0, "path": "001T", "placeholder": 33, "plugin_type": "TextPlugin"}, "model": "cms.cmsplugin", "pk": 65}, {"fields": {"changed_date": "2017-10-06T06:48:39.146Z", "language": "zh-hant", "parent": null, "numchild": 0, "creation_date": "2017-10-06T06:48:39.144Z", "depth": 1, "position": 0, "path": "001U", "placeholder": 94, "plugin_type": "TextPlugin"}, "model": "cms.cmsplugin", "pk": 66}, {"fields": {"changed_date": "2017-10-06T06:48:39.155Z", "language": "zh-hant", "parent": null, "numchild": 0, "creation_date": "2017-10-06T06:48:39.153Z", "depth": 1, "position": 0, "path": "001V", "placeholder": 34, "plugin_type": "FilerImagePlugin"}, "model": "cms.cmsplugin", "pk": 67}, {"fields": {"changed_date": "2017-10-06T06:48:39.160Z", "language": "zh-hant", "parent": null, "numchild": 0, "creation_date": "2017-10-06T06:48:39.158Z", "depth": 1, "position": 0, "path": "001W", "placeholder": 95, "plugin_type": "FilerImagePlugin"}, "model": "cms.cmsplugin", "pk": 68}, {"fields": {"changed_date": "2017-10-06T06:48:39.165Z", "language": "zh-hant", "parent": null, "numchild": 0, "creation_date": "2017-10-06T06:48:39.163Z", "depth": 1, "position": 0, "path": "001X", "placeholder": 35, "plugin_type": "TextPlugin"}, "model": "cms.cmsplugin", "pk": 69}, {"fields": {"changed_date": "2017-10-06T06:48:39.174Z", "language": "zh-hant", "parent": null, "numchild": 0, "creation_date": "2017-10-06T06:48:39.172Z", "depth": 1, "position": 0, "path": "001Y", "placeholder": 96, "plugin_type": "TextPlugin"}, "model": "cms.cmsplugin", "pk": 70}, {"fields": {"changed_date": "2017-10-06T06:48:39.183Z", "language": "zh-hant", "parent": null, "numchild": 0, "creation_date": "2017-10-06T06:48:39.181Z", "depth": 1, "position": 0, "path": "001Z", "placeholder": 36, "plugin_type": "TextPlugin"}, "model": "cms.cmsplugin", "pk": 71}, {"fields": {"changed_date": "2017-10-06T06:48:39.191Z", "language": "zh-hant", "parent": null, "numchild": 0, "creation_date": "2017-10-06T06:48:39.189Z", "depth": 1, "position": 0, "path": "0020", "placeholder": 97, "plugin_type": "TextPlugin"}, "model": "cms.cmsplugin", "pk": 72}, {"fields": {"changed_date": "2017-10-06T06:48:39.200Z", "language": "zh-hant", "parent": null, "numchild": 0, "creation_date": "2017-10-06T06:48:39.198Z", "depth": 1, "position": 0, "path": "0021", "placeholder": 37, "plugin_type": "TextPlugin"}, "model": "cms.cmsplugin", "pk": 73}, {"fields": {"changed_date": "2017-10-06T06:48:39.208Z", "language": "zh-hant", "parent": null, "numchild": 0, "creation_date": "2017-10-06T06:48:39.206Z", "depth": 1, "position": 0, "path": "0022", "placeholder": 98, "plugin_type": "TextPlugin"}, "model": "cms.cmsplugin", "pk": 74}, {"fields": {"changed_date": "2017-10-06T06:48:39.217Z", "language": "zh-hant", "parent": null, "numchild": 0, "creation_date": "2017-10-06T06:48:39.215Z", "depth": 1, "position": 0, "path": "0023", "placeholder": 38, "plugin_type": "FilerImagePlugin"}, "model": "cms.cmsplugin", "pk": 75}, {"fields": {"changed_date": "2017-10-06T06:48:39.222Z", "language": "zh-hant", "parent": null, "numchild": 0, "creation_date": "2017-10-06T06:48:39.219Z", "depth": 1, "position": 0, "path": "0024", "placeholder": 99, "plugin_type": "FilerImagePlugin"}, "model": "cms.cmsplugin", "pk": 76}, {"fields": {"changed_date": "2017-10-06T06:48:39.227Z", "language": "zh-hant", "parent": null, "numchild": 0, "creation_date": "2017-10-06T06:48:39.224Z", "depth": 1, "position": 0, "path": "0025", "placeholder": 39, "plugin_type": "TextPlugin"}, "model": "cms.cmsplugin", "pk": 77}, {"fields": {"changed_date": "2017-10-06T06:48:39.236Z", "language": "zh-hant", "parent": null, "numchild": 0, "creation_date": "2017-10-06T06:48:39.233Z", "depth": 1, "position": 0, "path": "0026", "placeholder": 100, "plugin_type": "TextPlugin"}, "model": "cms.cmsplugin", "pk": 78}, {"fields": {"changed_date": "2017-10-06T06:48:39.244Z", "language": "zh-hant", "parent": null, "numchild": 0, "creation_date": "2017-10-06T06:48:39.242Z", "depth": 1, "position": 0, "path": "0027", "placeholder": 40, "plugin_type": "TextPlugin"}, "model": "cms.cmsplugin", "pk": 79}, {"fields": {"changed_date": "2017-10-06T06:48:39.252Z", "language": "zh-hant", "parent": null, "numchild": 0, "creation_date": "2017-10-06T06:48:39.250Z", "depth": 1, "position": 0, "path": "0028", "placeholder": 101, "plugin_type": "TextPlugin"}, "model": "cms.cmsplugin", "pk": 80}, {"fields": {"changed_date": "2017-10-06T06:48:39.261Z", "language": "zh-hant", "parent": null, "numchild": 0, "creation_date": "2017-10-06T06:48:39.258Z", "depth": 1, "position": 0, "path": "0029", "placeholder": 41, "plugin_type": "TextPlugin"}, "model": "cms.cmsplugin", "pk": 81}, {"fields": {"changed_date": "2017-10-06T06:48:39.269Z", "language": "zh-hant", "parent": null, "numchild": 0, "creation_date": "2017-10-06T06:48:39.267Z", "depth": 1, "position": 0, "path": "002A", "placeholder": 102, "plugin_type": "TextPlugin"}, "model": "cms.cmsplugin", "pk": 82}, {"fields": {"changed_date": "2017-10-06T06:48:39.281Z", "language": "zh-hant", "parent": null, "numchild": 0, "creation_date": "2017-10-06T06:48:39.278Z", "depth": 1, "position": 0, "path": "002B", "placeholder": 42, "plugin_type": "FilerImagePlugin"}, "model": "cms.cmsplugin", "pk": 83}, {"fields": {"changed_date": "2017-10-06T06:48:39.287Z", "language": "zh-hant", "parent": null, "numchild": 0, "creation_date": "2017-10-06T06:48:39.284Z", "depth": 1, "position": 0, "path": "002C", "placeholder": 103, "plugin_type": "FilerImagePlugin"}, "model": "cms.cmsplugin", "pk": 84}, {"fields": {"changed_date": "2017-10-06T06:48:39.291Z", "language": "zh-hant", "parent": null, "numchild": 0, "creation_date": "2017-10-06T06:48:39.289Z", "depth": 1, "position": 0, "path": "002D", "placeholder": 43, "plugin_type": "TextPlugin"}, "model": "cms.cmsplugin", "pk": 85}, {"fields": {"changed_date": "2017-10-06T06:48:39.300Z", "language": "zh-hant", "parent": null, "numchild": 0, "creation_date": "2017-10-06T06:48:39.298Z", "depth": 1, "position": 0, "path": "002E", "placeholder": 104, "plugin_type": "TextPlugin"}, "model": "cms.cmsplugin", "pk": 86}, {"fields": {"changed_date": "2017-10-06T06:48:39.309Z", "language": "zh-hant", "parent": null, "numchild": 0, "creation_date": "2017-10-06T06:48:39.307Z", "depth": 1, "position": 0, "path": "002F", "placeholder": 44, "plugin_type": "TextPlugin"}, "model": "cms.cmsplugin", "pk": 87}, {"fields": {"changed_date": "2017-10-06T06:48:39.317Z", "language": "zh-hant", "parent": null, "numchild": 0, "creation_date": "2017-10-06T06:48:39.315Z", "depth": 1, "position": 0, "path": "002G", "placeholder": 105, "plugin_type": "TextPlugin"}, "model": "cms.cmsplugin", "pk": 88}, {"fields": {"changed_date": "2017-10-06T06:48:39.325Z", "language": "zh-hant", "parent": null, "numchild": 0, "creation_date": "2017-10-06T06:48:39.323Z", "depth": 1, "position": 0, "path": "002H", "placeholder": 45, "plugin_type": "TextPlugin"}, "model": "cms.cmsplugin", "pk": 89}, {"fields": {"changed_date": "2017-10-06T06:48:39.334Z", "language": "zh-hant", "parent": null, "numchild": 0, "creation_date": "2017-10-06T06:48:39.331Z", "depth": 1, "position": 0, "path": "002I", "placeholder": 106, "plugin_type": "TextPlugin"}, "model": "cms.cmsplugin", "pk": 90}, {"fields": {"changed_date": "2017-10-06T06:48:39.342Z", "language": "zh-hant", "parent": null, "numchild": 0, "creation_date": "2017-10-06T06:48:39.340Z", "depth": 1, "position": 0, "path": "002J", "placeholder": 46, "plugin_type": "TextPlugin"}, "model": "cms.cmsplugin", "pk": 91}, {"fields": {"changed_date": "2017-10-06T06:48:39.350Z", "language": "zh-hant", "parent": null, "numchild": 0, "creation_date": "2017-10-06T06:48:39.348Z", "depth": 1, "position": 0, "path": "002K", "placeholder": 107, "plugin_type": "TextPlugin"}, "model": "cms.cmsplugin", "pk": 92}, {"fields": {"changed_date": "2017-10-06T06:48:39.358Z", "language": "zh-hant", "parent": null, "numchild": 0, "creation_date": "2017-10-06T06:48:39.356Z", "depth": 1, "position": 0, "path": "002L", "placeholder": 47, "plugin_type": "TextPlugin"}, "model": "cms.cmsplugin", "pk": 93}, {"fields": {"changed_date": "2017-10-06T06:48:39.368Z", "language": "zh-hant", "parent": null, "numchild": 0, "creation_date": "2017-10-06T06:48:39.366Z", "depth": 1, "position": 0, "path": "002M", "placeholder": 108, "plugin_type": "TextPlugin"}, "model": "cms.cmsplugin", "pk": 94}, {"fields": {"changed_date": "2017-10-06T06:48:39.379Z", "language": "zh-hant", "parent": null, "numchild": 0, "creation_date": "2017-10-06T06:48:39.376Z", "depth": 1, "position": 0, "path": "002N", "placeholder": 48, "plugin_type": "TextPlugin"}, "model": "cms.cmsplugin", "pk": 95}, {"fields": {"changed_date": "2017-10-06T06:48:39.387Z", "language": "zh-hant", "parent": null, "numchild": 0, "creation_date": "2017-10-06T06:48:39.385Z", "depth": 1, "position": 0, "path": "002O", "placeholder": 109, "plugin_type": "TextPlugin"}, "model": "cms.cmsplugin", "pk": 96}, {"fields": {"changed_date": "2017-10-06T06:48:39.395Z", "language": "zh-hant", "parent": null, "numchild": 0, "creation_date": "2017-10-06T06:48:39.393Z", "depth": 1, "position": 0, "path": "002P", "placeholder": 49, "plugin_type": "TextPlugin"}, "model": "cms.cmsplugin", "pk": 97}, {"fields": {"changed_date": "2017-10-06T06:48:39.404Z", "language": "zh-hant", "parent": null, "numchild": 0, "creation_date": "2017-10-06T06:48:39.402Z", "depth": 1, "position": 0, "path": "002Q", "placeholder": 110, "plugin_type": "TextPlugin"}, "model": "cms.cmsplugin", "pk": 98}, {"fields": {"changed_date": "2017-10-06T06:48:39.412Z", "language": "zh-hant", "parent": null, "numchild": 0, "creation_date": "2017-10-06T06:48:39.410Z", "depth": 1, "position": 0, "path": "002R", "placeholder": 50, "plugin_type": "TextPlugin"}, "model": "cms.cmsplugin", "pk": 99}, {"fields": {"changed_date": "2017-10-06T06:48:39.421Z", "language": "zh-hant", "parent": null, "numchild": 0, "creation_date": "2017-10-06T06:48:39.419Z", "depth": 1, "position": 0, "path": "002S", "placeholder": 111, "plugin_type": "TextPlugin"}, "model": "cms.cmsplugin", "pk": 100}, {"fields": {"changed_date": "2017-10-06T06:48:39.429Z", "language": "zh-hant", "parent": null, "numchild": 0, "creation_date": "2017-10-06T06:48:39.427Z", "depth": 1, "position": 0, "path": "002T", "placeholder": 51, "plugin_type": "TextPlugin"}, "model": "cms.cmsplugin", "pk": 101}, {"fields": {"changed_date": "2017-10-06T06:48:39.438Z", "language": "zh-hant", "parent": null, "numchild": 0, "creation_date": "2017-10-06T06:48:39.436Z", "depth": 1, "position": 0, "path": "002U", "placeholder": 112, "plugin_type": "TextPlugin"}, "model": "cms.cmsplugin", "pk": 102}, {"fields": {"changed_date": "2017-10-06T06:48:39.448Z", "language": "zh-hant", "parent": null, "numchild": 0, "creation_date": "2017-10-06T06:48:39.445Z", "depth": 1, "position": 0, "path": "002V", "placeholder": 52, "plugin_type": "TextPlugin"}, "model": "cms.cmsplugin", "pk": 103}, {"fields": {"changed_date": "2017-10-06T06:48:39.457Z", "language": "zh-hant", "parent": null, "numchild": 0, "creation_date": "2017-10-06T06:48:39.455Z", "depth": 1, "position": 0, "path": "002W", "placeholder": 113, "plugin_type": "TextPlugin"}, "model": "cms.cmsplugin", "pk": 104}, {"fields": {"changed_date": "2017-10-06T06:48:39.469Z", "language": "zh-hant", "parent": null, "numchild": 0, "creation_date": "2017-10-06T06:48:39.466Z", "depth": 1, "position": 0, "path": "002X", "placeholder": 53, "plugin_type": "TextPlugin"}, "model": "cms.cmsplugin", "pk": 105}, {"fields": {"changed_date": "2017-10-06T06:48:39.480Z", "language": "zh-hant", "parent": null, "numchild": 0, "creation_date": "2017-10-06T06:48:39.477Z", "depth": 1, "position": 0, "path": "002Y", "placeholder": 114, "plugin_type": "TextPlugin"}, "model": "cms.cmsplugin", "pk": 106}, {"fields": {"changed_date": "2017-10-06T06:48:39.490Z", "language": "zh-hant", "parent": null, "numchild": 0, "creation_date": "2017-10-06T06:48:39.487Z", "depth": 1, "position": 0, "path": "002Z", "placeholder": 54, "plugin_type": "TextPlugin"}, "model": "cms.cmsplugin", "pk": 107}, {"fields": {"changed_date": "2017-10-06T06:48:39.499Z", "language": "zh-hant", "parent": null, "numchild": 0, "creation_date": "2017-10-06T06:48:39.496Z", "depth": 1, "position": 0, "path": "0030", "placeholder": 115, "plugin_type": "TextPlugin"}, "model": "cms.cmsplugin", "pk": 108}, {"fields": {"changed_date": "2017-10-06T06:48:39.509Z", "language": "zh-hant", "parent": null, "numchild": 0, "creation_date": "2017-10-06T06:48:39.506Z", "depth": 1, "position": 0, "path": "0031", "placeholder": 55, "plugin_type": "TextPlugin"}, "model": "cms.cmsplugin", "pk": 109}, {"fields": {"changed_date": "2017-10-06T06:48:39.520Z", "language": "zh-hant", "parent": null, "numchild": 0, "creation_date": "2017-10-06T06:48:39.517Z", "depth": 1, "position": 0, "path": "0032", "placeholder": 116, "plugin_type": "TextPlugin"}, "model": "cms.cmsplugin", "pk": 110}, {"fields": {"changed_date": "2017-10-06T06:48:39.529Z", "language": "zh-hant", "parent": null, "numchild": 0, "creation_date": "2017-10-06T06:48:39.527Z", "depth": 1, "position": 0, "path": "0033", "placeholder": 56, "plugin_type": "TextPlugin"}, "model": "cms.cmsplugin", "pk": 111}, {"fields": {"changed_date": "2017-10-06T06:48:39.539Z", "language": "zh-hant", "parent": null, "numchild": 0, "creation_date": "2017-10-06T06:48:39.536Z", "depth": 1, "position": 0, "path": "0034", "placeholder": 117, "plugin_type": "TextPlugin"}, "model": "cms.cmsplugin", "pk": 112}, {"fields": {"changed_date": "2017-10-06T06:48:39.548Z", "language": "zh-hant", "parent": null, "numchild": 0, "creation_date": "2017-10-06T06:48:39.545Z", "depth": 1, "position": 0, "path": "0035", "placeholder": 57, "plugin_type": "TextPlugin"}, "model": "cms.cmsplugin", "pk": 113}, {"fields": {"changed_date": "2017-10-06T06:48:39.557Z", "language": "zh-hant", "parent": null, "numchild": 0, "creation_date": "2017-10-06T06:48:39.555Z", "depth": 1, "position": 0, "path": "0036", "placeholder": 118, "plugin_type": "TextPlugin"}, "model": "cms.cmsplugin", "pk": 114}, {"fields": {"changed_date": "2017-10-06T06:48:39.566Z", "language": "zh-hant", "parent": null, "numchild": 0, "creation_date": "2017-10-06T06:48:39.564Z", "depth": 1, "position": 0, "path": "0037", "placeholder": 58, "plugin_type": "TextPlugin"}, "model": "cms.cmsplugin", "pk": 115}, {"fields": {"changed_date": "2017-10-06T06:48:39.575Z", "language": "zh-hant", "parent": null, "numchild": 0, "creation_date": "2017-10-06T06:48:39.573Z", "depth": 1, "position": 0, "path": "0038", "placeholder": 119, "plugin_type": "TextPlugin"}, "model": "cms.cmsplugin", "pk": 116}, {"fields": {"changed_date": "2017-10-06T06:48:39.585Z", "language": "zh-hant", "parent": null, "numchild": 0, "creation_date": "2017-10-06T06:48:39.582Z", "depth": 1, "position": 0, "path": "0039", "placeholder": 59, "plugin_type": "TextPlugin"}, "model": "cms.cmsplugin", "pk": 117}, {"fields": {"changed_date": "2017-10-06T06:48:39.593Z", "language": "zh-hant", "parent": null, "numchild": 0, "creation_date": "2017-10-06T06:48:39.591Z", "depth": 1, "position": 0, "path": "003A", "placeholder": 120, "plugin_type": "TextPlugin"}, "model": "cms.cmsplugin", "pk": 118}, {"fields": {"changed_date": "2017-10-06T06:48:39.603Z", "language": "zh-hant", "parent": null, "numchild": 0, "creation_date": "2017-10-06T06:48:39.601Z", "depth": 1, "position": 0, "path": "003B", "placeholder": 60, "plugin_type": "FilerImagePlugin"}, "model": "cms.cmsplugin", "pk": 119}, {"fields": {"changed_date": "2017-10-06T06:48:39.607Z", "language": "zh-hant", "parent": null, "numchild": 0, "creation_date": "2017-10-06T06:48:39.605Z", "depth": 1, "position": 0, "path": "003C", "placeholder": 121, "plugin_type": "FilerImagePlugin"}, "model": "cms.cmsplugin", "pk": 120}, {"fields": {"changed_date": "2017-10-06T06:48:39.612Z", "language": "zh-hant", "parent": null, "numchild": 0, "creation_date": "2017-10-06T06:48:39.610Z", "depth": 1, "position": 0, "path": "003D", "placeholder": 61, "plugin_type": "TextPlugin"}, "model": "cms.cmsplugin", "pk": 121}, {"fields": {"changed_date": "2017-10-06T06:48:39.622Z", "language": "zh-hant", "parent": null, "numchild": 0, "creation_date": "2017-10-06T06:48:39.620Z", "depth": 1, "position": 0, "path": "003E", "placeholder": 122, "plugin_type": "TextPlugin"}, "model": "cms.cmsplugin", "pk": 122}, {"fields": {"menu_title": null, "meta_description": null, "page_title": "Emplox a Personal Portfolio Flat Bootstrap Responsive Website Template | Home :: w3layouts", "language": "zh-hant", "title": "index", "has_url_overwrite": false, "redirect": null, "publisher_is_draft": true, "page": 1, "published": true, "path": "", "publisher_state": 1, "creation_date": "2017-10-06T06:48:37.364Z", "slug": "index", "publisher_public": 2}, "model": "cms.title", "pk": 1}, {"fields": {"menu_title": null, "meta_description": null, "page_title": "Emplox a Personal Portfolio Flat Bootstrap Responsive Website Template | Home :: w3layouts", "language": "zh-hant", "title": "index", "has_url_overwrite": false, "redirect": null, "publisher_is_draft": false, "page": 2, "published": true, "path": "", "publisher_state": 1, "creation_date": "2017-10-06T06:48:37.364Z", "slug": "index", "publisher_public": 1}, "model": "cms.title", "pk": 2}, {"fields": {"body": "<a href=\"/\">Emplox</a>"}, "model": "djangocms_text_ckeditor.text", "pk": 1}, {"fields": {"body": "<a href=\"/\">Emplox</a>"}, "model": "djangocms_text_ckeditor.text", "pk": 2}, {"fields": {"body": "<ul>\n<li><a class=\"scroll\" href=\"#home\">Home</a></li>\n<li><a class=\"scroll\" href=\"#about\">About</a></li>\n<li><a class=\"scroll\" href=\"#service\">Service</a></li>\n<li><a class=\"scroll\" href=\"#gallery\">Gallery</a></li>\n<li><a class=\"scroll\" href=\"#blog\">Blog</a></li>\n<li><a class=\"scroll\" href=\"#contact\">Contact</a></li>\n</ul>"}, "model": "djangocms_text_ckeditor.text", "pk": 5}, {"fields": {"body": "<ul>\n<li><a class=\"scroll\" href=\"#home\">Home</a></li>\n<li><a class=\"scroll\" href=\"#about\">About</a></li>\n<li><a class=\"scroll\" href=\"#service\">Service</a></li>\n<li><a class=\"scroll\" href=\"#gallery\">Gallery</a></li>\n<li><a class=\"scroll\" href=\"#blog\">Blog</a></li>\n<li><a class=\"scroll\" href=\"#contact\">Contact</a></li>\n</ul>"}, "model": "djangocms_text_ckeditor.text", "pk": 6}, {"fields": {"body": "Etiam rhoncus diam eget nibh porttitor gravida."}, "model": "djangocms_text_ckeditor.text", "pk": 7}, {"fields": {"body": "Etiam rhoncus diam eget nibh porttitor gravida."}, "model": "djangocms_text_ckeditor.text", "pk": 8}, {"fields": {"body": "Praesent a tortor ipsum. In ornare nibh urna, non hendrerit leo lacinia non. Proin malesuada blandit ex, \n\t\t\t\t vitae placerat purus placerat non. Pellentesque habitant morbi tristique senectus et netus et malesuada \n\t\t\t\t fames ac turpis egestas."}, "model": "djangocms_text_ckeditor.text", "pk": 9}, {"fields": {"body": "Praesent a tortor ipsum. In ornare nibh urna, non hendrerit leo lacinia non. Proin malesuada blandit ex, \n\t\t\t\t vitae placerat purus placerat non. Pellentesque habitant morbi tristique senectus et netus et malesuada \n\t\t\t\t fames ac turpis egestas."}, "model": "djangocms_text_ckeditor.text", "pk": 10}, {"fields": {"body": "<a href=\"#\">Click</a>"}, "model": "djangocms_text_ckeditor.text", "pk": 11}, {"fields": {"body": "<a href=\"#\">Click</a>"}, "model": "djangocms_text_ckeditor.text", "pk": 12}, {"fields": {"body": "Services"}, "model": "djangocms_text_ckeditor.text", "pk": 13}, {"fields": {"body": "Services"}, "model": "djangocms_text_ckeditor.text", "pk": 14}, {"fields": {"body": ""}, "model": "djangocms_text_ckeditor.text", "pk": 15}, {"fields": {"body": ""}, "model": "djangocms_text_ckeditor.text", "pk": 16}, {"fields": {"body": "<a href=\"#\">Vestibulum sagittis</a>"}, "model": "djangocms_text_ckeditor.text", "pk": 17}, {"fields": {"body": "<a href=\"#\">Vestibulum sagittis</a>"}, "model": "djangocms_text_ckeditor.text", "pk": 18}, {"fields": {"body": "Aliquam erat volutpat. Nam egestas dapibus pellentesque. Nunc non luctus neque, non aliquet tortor. Suspendisse in faucibus dolor, commodo malesuada ipsum. Cras vel facilisis mi. In malesuada felis eu volutpat consequat."}, "model": "djangocms_text_ckeditor.text", "pk": 19}, {"fields": {"body": "Aliquam erat volutpat. Nam egestas dapibus pellentesque. Nunc non luctus neque, non aliquet tortor. Suspendisse in faucibus dolor, commodo malesuada ipsum. Cras vel facilisis mi. In malesuada felis eu volutpat consequat."}, "model": "djangocms_text_ckeditor.text", "pk": 20}, {"fields": {"body": ""}, "model": "djangocms_text_ckeditor.text", "pk": 21}, {"fields": {"body": ""}, "model": "djangocms_text_ckeditor.text", "pk": 22}, {"fields": {"body": "<a href=\"#\">Vestibulum sagittis</a>"}, "model": "djangocms_text_ckeditor.text", "pk": 23}, {"fields": {"body": "<a href=\"#\">Vestibulum sagittis</a>"}, "model": "djangocms_text_ckeditor.text", "pk": 24}, {"fields": {"body": "Aliquam erat volutpat. Nam egestas dapibus pellentesque. Nunc non luctus neque, non aliquet tortor. Suspendisse in faucibus dolor, commodo malesuada ipsum. Cras vel facilisis mi. In malesuada felis eu volutpat consequat."}, "model": "djangocms_text_ckeditor.text", "pk": 25}, {"fields": {"body": "Aliquam erat volutpat. Nam egestas dapibus pellentesque. Nunc non luctus neque, non aliquet tortor. Suspendisse in faucibus dolor, commodo malesuada ipsum. Cras vel facilisis mi. In malesuada felis eu volutpat consequat."}, "model": "djangocms_text_ckeditor.text", "pk": 26}, {"fields": {"body": ""}, "model": "djangocms_text_ckeditor.text", "pk": 27}, {"fields": {"body": ""}, "model": "djangocms_text_ckeditor.text", "pk": 28}, {"fields": {"body": "<a href=\"#\">Vestibulum sagittis</a>"}, "model": "djangocms_text_ckeditor.text", "pk": 29}, {"fields": {"body": "<a href=\"#\">Vestibulum sagittis</a>"}, "model": "djangocms_text_ckeditor.text", "pk": 30}, {"fields": {"body": "Aliquam erat volutpat. Nam egestas dapibus pellentesque. Nunc non luctus neque, non aliquet tortor. Suspendisse in faucibus dolor, commodo malesuada ipsum. Cras vel facilisis mi. In malesuada felis eu volutpat consequat."}, "model": "djangocms_text_ckeditor.text", "pk": 31}, {"fields": {"body": "Aliquam erat volutpat. Nam egestas dapibus pellentesque. Nunc non luctus neque, non aliquet tortor. Suspendisse in faucibus dolor, commodo malesuada ipsum. Cras vel facilisis mi. In malesuada felis eu volutpat consequat."}, "model": "djangocms_text_ckeditor.text", "pk": 32}, {"fields": {"body": ""}, "model": "djangocms_text_ckeditor.text", "pk": 33}, {"fields": {"body": ""}, "model": "djangocms_text_ckeditor.text", "pk": 34}, {"fields": {"body": "<a href=\"#\">Vestibulum sagittis</a>"}, "model": "djangocms_text_ckeditor.text", "pk": 35}, {"fields": {"body": "<a href=\"#\">Vestibulum sagittis</a>"}, "model": "djangocms_text_ckeditor.text", "pk": 36}, {"fields": {"body": "Aliquam erat volutpat. Nam egestas dapibus pellentesque. Nunc non luctus neque, non aliquet tortor. Suspendisse in faucibus dolor, commodo malesuada ipsum. Cras vel facilisis mi. In malesuada felis eu volutpat consequat."}, "model": "djangocms_text_ckeditor.text", "pk": 37}, {"fields": {"body": "Aliquam erat volutpat. Nam egestas dapibus pellentesque. Nunc non luctus neque, non aliquet tortor. Suspendisse in faucibus dolor, commodo malesuada ipsum. Cras vel facilisis mi. In malesuada felis eu volutpat consequat."}, "model": "djangocms_text_ckeditor.text", "pk": 38}, {"fields": {"body": "About Us"}, "model": "djangocms_text_ckeditor.text", "pk": 39}, {"fields": {"body": "About Us"}, "model": "djangocms_text_ckeditor.text", "pk": 40}, {"fields": {"body": "Vivamus ac mi ut tortor elementum venenatis."}, "model": "djangocms_text_ckeditor.text", "pk": 41}, {"fields": {"body": "Vivamus ac mi ut tortor elementum venenatis."}, "model": "djangocms_text_ckeditor.text", "pk": 42}, {"fields": {"body": "Mauris vestibulum pulvinar urna id ultricies. Etiam volutpat interdum mi in aliquet. Pellentesque vel tincidunt sapien.\n\t\t Suspendisse potenti. Nam sed scelerisque est. Vestibulum non leo ligula. Donec aliquet viverra semper. Donec sed est ac sem suscipit vehicula.\n\t\t Mauris nec nunc enim. Etiam aliquet risus et nunc rhoncus facilisis. Maecenas nec blandit ex. Nam nec dolor in nisl elementum malesuada. \n\t\t Fusce vitae eleifend magna. Curabitur tincidunt tincidunt vulputate.Etiam mollis nibh risus, a faucibus arcu ultricies eu. Morbi \n\t\t consectetur, metus vel efficitur luctus, nisi nulla vestibulum arcu, at rhoncus ligula ligula non nisl. Cras porttitor vestibulum nulla."}, "model": "djangocms_text_ckeditor.text", "pk": 43}, {"fields": {"body": "Mauris vestibulum pulvinar urna id ultricies. Etiam volutpat interdum mi in aliquet. Pellentesque vel tincidunt sapien.\n\t\t Suspendisse potenti. Nam sed scelerisque est. Vestibulum non leo ligula. Donec aliquet viverra semper. Donec sed est ac sem suscipit vehicula.\n\t\t Mauris nec nunc enim. Etiam aliquet risus et nunc rhoncus facilisis. Maecenas nec blandit ex. Nam nec dolor in nisl elementum malesuada. \n\t\t Fusce vitae eleifend magna. Curabitur tincidunt tincidunt vulputate.Etiam mollis nibh risus, a faucibus arcu ultricies eu. Morbi \n\t\t consectetur, metus vel efficitur luctus, nisi nulla vestibulum arcu, at rhoncus ligula ligula non nisl. Cras porttitor vestibulum nulla."}, "model": "djangocms_text_ckeditor.text", "pk": 44}, {"fields": {"body": "Gallery"}, "model": "djangocms_text_ckeditor.text", "pk": 45}, {"fields": {"body": "Gallery"}, "model": "djangocms_text_ckeditor.text", "pk": 46}, {"fields": {"body": "<a class=\"b-link-stripe b-animate-go\" href=\"/static/images/img15.jpg\">\n<img src=\"/static/images/img15.jpg\" alt=\"\" class=\"img-responsive\">\n<div class=\"b-wrapper\">\n<span class=\"b-animate b-from-left    b-delay03 \">\n<img src=\"/static/images/e.png\" alt=\"\" class=\"img-responsive\">\n</span>\n</div>\n</a>"}, "model": "djangocms_text_ckeditor.text", "pk": 47}, {"fields": {"body": "<a class=\"b-link-stripe b-animate-go\" href=\"/static/images/img15.jpg\">\n<img src=\"/static/images/img15.jpg\" alt=\"\" class=\"img-responsive\">\n<div class=\"b-wrapper\">\n<span class=\"b-animate b-from-left    b-delay03 \">\n<img src=\"/static/images/e.png\" alt=\"\" class=\"img-responsive\">\n</span>\n</div>\n</a>"}, "model": "djangocms_text_ckeditor.text", "pk": 48}, {"fields": {"body": "<a class=\"b-link-stripe b-animate-go\" href=\"/static/images/img10.jpg\">\n<img src=\"/static/images/img10.jpg\" alt=\"\" class=\"img-responsive\">\n<div class=\"b-wrapper\">\n<span class=\"b-animate b-from-left b-delay03 \">\n<img src=\"/static/images/e.png\" alt=\"\" class=\"img-responsive\">\n</span>\n</div>\n</a>"}, "model": "djangocms_text_ckeditor.text", "pk": 49}, {"fields": {"body": "<a class=\"b-link-stripe b-animate-go\" href=\"/static/images/img10.jpg\">\n<img src=\"/static/images/img10.jpg\" alt=\"\" class=\"img-responsive\">\n<div class=\"b-wrapper\">\n<span class=\"b-animate b-from-left b-delay03 \">\n<img src=\"/static/images/e.png\" alt=\"\" class=\"img-responsive\">\n</span>\n</div>\n</a>"}, "model": "djangocms_text_ckeditor.text", "pk": 50}, {"fields": {"body": "<a class=\"b-link-stripe b-animate-go\" href=\"/static/images/img11.jpg\">\n<img src=\"/static/images/img11.jpg\" alt=\"\" class=\"img-responsive\">\n<div class=\"b-wrapper\">\n<span class=\"b-animate b-from-left    b-delay03 \">\n<img src=\"/static/images/e.png\" alt=\"\" class=\"img-responsive\">\n</span>\n</div>\n</a>"}, "model": "djangocms_text_ckeditor.text", "pk": 51}, {"fields": {"body": "<a class=\"b-link-stripe b-animate-go\" href=\"/static/images/img11.jpg\">\n<img src=\"/static/images/img11.jpg\" alt=\"\" class=\"img-responsive\">\n<div class=\"b-wrapper\">\n<span class=\"b-animate b-from-left    b-delay03 \">\n<img src=\"/static/images/e.png\" alt=\"\" class=\"img-responsive\">\n</span>\n</div>\n</a>"}, "model": "djangocms_text_ckeditor.text", "pk": 52}, {"fields": {"body": "<a class=\"b-link-stripe b-animate-go\" href=\"/static/images/img12.jpg\">\n<img src=\"/static/images/img12.jpg\" alt=\"\" class=\"img-responsive\">\n<div class=\"b-wrapper\">\n<span class=\"b-animate b-from-left    b-delay03 \">\n<img src=\"/static/images/e.png\" alt=\"\" class=\"img-responsive\">\n</span>\n</div>\n</a>"}, "model": "djangocms_text_ckeditor.text", "pk": 53}, {"fields": {"body": "<a class=\"b-link-stripe b-animate-go\" href=\"/static/images/img12.jpg\">\n<img src=\"/static/images/img12.jpg\" alt=\"\" class=\"img-responsive\">\n<div class=\"b-wrapper\">\n<span class=\"b-animate b-from-left    b-delay03 \">\n<img src=\"/static/images/e.png\" alt=\"\" class=\"img-responsive\">\n</span>\n</div>\n</a>"}, "model": "djangocms_text_ckeditor.text", "pk": 54}, {"fields": {"body": "<a class=\"b-link-stripe b-animate-go\" href=\"/static/images/img13.jpg\">\n<img src=\"/static/images/img13.jpg\" alt=\"\" class=\"img-responsive\">\n<div class=\"b-wrapper\">\n<span class=\"b-animate b-from-left    b-delay03 \">\n<img src=\"/static/images/e.png\" alt=\"\" class=\"img-responsive\">\n</span>\n</div>\n</a>"}, "model": "djangocms_text_ckeditor.text", "pk": 55}, {"fields": {"body": "<a class=\"b-link-stripe b-animate-go\" href=\"/static/images/img13.jpg\">\n<img src=\"/static/images/img13.jpg\" alt=\"\" class=\"img-responsive\">\n<div class=\"b-wrapper\">\n<span class=\"b-animate b-from-left    b-delay03 \">\n<img src=\"/static/images/e.png\" alt=\"\" class=\"img-responsive\">\n</span>\n</div>\n</a>"}, "model": "djangocms_text_ckeditor.text", "pk": 56}, {"fields": {"body": "<a class=\"b-link-stripe b-animate-go\" href=\"/static/images/img14.jpg\">\n<img src=\"/static/images/img14.jpg\" alt=\"\" class=\"img-responsive\">\n<div class=\"b-wrapper\">\n<span class=\"b-animate b-from-left    b-delay03 \">\n<img src=\"/static/images/e.png\" alt=\"\" class=\"img-responsive\">\n</span>\n</div>\n</a>"}, "model": "djangocms_text_ckeditor.text", "pk": 57}, {"fields": {"body": "<a class=\"b-link-stripe b-animate-go\" href=\"/static/images/img14.jpg\">\n<img src=\"/static/images/img14.jpg\" alt=\"\" class=\"img-responsive\">\n<div class=\"b-wrapper\">\n<span class=\"b-animate b-from-left    b-delay03 \">\n<img src=\"/static/images/e.png\" alt=\"\" class=\"img-responsive\">\n</span>\n</div>\n</a>"}, "model": "djangocms_text_ckeditor.text", "pk": 58}, {"fields": {"body": "<a class=\"b-link-stripe b-animate-go\" href=\"/static/images/img9.jpg\">\n<img src=\"/static/images/img9.jpg\" alt=\"\" class=\"img-responsive\">\n<div class=\"b-wrapper\">\n<span class=\"b-animate b-from-left    b-delay03 \">\n<img src=\"/static/images/e.png\" alt=\"\" class=\"img-responsive\">\n</span>\n</div>\n</a>"}, "model": "djangocms_text_ckeditor.text", "pk": 59}, {"fields": {"body": "<a class=\"b-link-stripe b-animate-go\" href=\"/static/images/img9.jpg\">\n<img src=\"/static/images/img9.jpg\" alt=\"\" class=\"img-responsive\">\n<div class=\"b-wrapper\">\n<span class=\"b-animate b-from-left    b-delay03 \">\n<img src=\"/static/images/e.png\" alt=\"\" class=\"img-responsive\">\n</span>\n</div>\n</a>"}, "model": "djangocms_text_ckeditor.text", "pk": 60}, {"fields": {"body": "<a class=\"b-link-stripe b-animate-go\" href=\"/static/images/img16.jpg\">\n<img src=\"/static/images/img16.jpg\" alt=\"\" class=\"img-responsive\">\n<div class=\"b-wrapper\">\n<span class=\"b-animate b-from-left    b-delay03 \">\n<img src=\"/static/images/e.png\" alt=\"\" class=\"img-responsive\">\n</span>\n</div>\n</a>"}, "model": "djangocms_text_ckeditor.text", "pk": 61}, {"fields": {"body": "<a class=\"b-link-stripe b-animate-go\" href=\"/static/images/img16.jpg\">\n<img src=\"/static/images/img16.jpg\" alt=\"\" class=\"img-responsive\">\n<div class=\"b-wrapper\">\n<span class=\"b-animate b-from-left    b-delay03 \">\n<img src=\"/static/images/e.png\" alt=\"\" class=\"img-responsive\">\n</span>\n</div>\n</a>"}, "model": "djangocms_text_ckeditor.text", "pk": 62}, {"fields": {"body": "<a class=\"b-link-stripe b-animate-go\" href=\"/static/images/img17.jpg\">\n<img src=\"/static/images/img17.jpg\" alt=\"\" class=\"img-responsive\">\n<div class=\"b-wrapper\">\n<span class=\"b-animate b-from-left    b-delay03 \">\n<img src=\"/static/images/e.png\" alt=\"\" class=\"img-responsive\">\n</span>\n</div>\n</a>"}, "model": "djangocms_text_ckeditor.text", "pk": 63}, {"fields": {"body": "<a class=\"b-link-stripe b-animate-go\" href=\"/static/images/img17.jpg\">\n<img src=\"/static/images/img17.jpg\" alt=\"\" class=\"img-responsive\">\n<div class=\"b-wrapper\">\n<span class=\"b-animate b-from-left    b-delay03 \">\n<img src=\"/static/images/e.png\" alt=\"\" class=\"img-responsive\">\n</span>\n</div>\n</a>"}, "model": "djangocms_text_ckeditor.text", "pk": 64}, {"fields": {"body": "Blog"}, "model": "djangocms_text_ckeditor.text", "pk": 65}, {"fields": {"body": "Blog"}, "model": "djangocms_text_ckeditor.text", "pk": 66}, {"fields": {"body": "<a href=\"#\">Etiam luctus velit ac cursus lobortis.</a>"}, "model": "djangocms_text_ckeditor.text", "pk": 69}, {"fields": {"body": "<a href=\"#\">Etiam luctus velit ac cursus lobortis.</a>"}, "model": "djangocms_text_ckeditor.text", "pk": 70}, {"fields": {"body": "Mar 12 | 2015"}, "model": "djangocms_text_ckeditor.text", "pk": 71}, {"fields": {"body": "Mar 12 | 2015"}, "model": "djangocms_text_ckeditor.text", "pk": 72}, {"fields": {"body": "Aenean eget eleifend nulla. Nunc vel nisi mi. Ut faucibus ornare tempus. Donec non mi et sem convallis tincidunt ac in purus. Nullam tincidunt orci elit, vitae vulputate sapien ullamcorper et. Sed ut est purus. Duis consectetur suscipit ullamcorper. Nam dictum nisl odio, eget maximus ante interdum iaculis urna sapien."}, "model": "djangocms_text_ckeditor.text", "pk": 73}, {"fields": {"body": "Aenean eget eleifend nulla. Nunc vel nisi mi. Ut faucibus ornare tempus. Donec non mi et sem convallis tincidunt ac in purus. Nullam tincidunt orci elit, vitae vulputate sapien ullamcorper et. Sed ut est purus. Duis consectetur suscipit ullamcorper. Nam dictum nisl odio, eget maximus ante interdum iaculis urna sapien."}, "model": "djangocms_text_ckeditor.text", "pk": 74}, {"fields": {"body": "<a href=\"#\">Etiam luctus velit ac cursus lobortis.</a>"}, "model": "djangocms_text_ckeditor.text", "pk": 77}, {"fields": {"body": "<a href=\"#\">Etiam luctus velit ac cursus lobortis.</a>"}, "model": "djangocms_text_ckeditor.text", "pk": 78}, {"fields": {"body": "Mar 12 | 2015"}, "model": "djangocms_text_ckeditor.text", "pk": 79}, {"fields": {"body": "Mar 12 | 2015"}, "model": "djangocms_text_ckeditor.text", "pk": 80}, {"fields": {"body": "Aenean eget eleifend nulla. Nunc vel nisi mi. Ut faucibus ornare tempus. Donec non mi et sem convallis tincidunt ac in purus. Nullam tincidunt orci elit, vitae vulputate sapien ullamcorper et. Sed ut est purus. Duis consectetur suscipit ullamcorper. Nam dictum nisl odio, eget maximus ante interdum iaculis urna sapien."}, "model": "djangocms_text_ckeditor.text", "pk": 81}, {"fields": {"body": "Aenean eget eleifend nulla. Nunc vel nisi mi. Ut faucibus ornare tempus. Donec non mi et sem convallis tincidunt ac in purus. Nullam tincidunt orci elit, vitae vulputate sapien ullamcorper et. Sed ut est purus. Duis consectetur suscipit ullamcorper. Nam dictum nisl odio, eget maximus ante interdum iaculis urna sapien."}, "model": "djangocms_text_ckeditor.text", "pk": 82}, {"fields": {"body": "<a href=\"#\">Etiam luctus velit ac cursus lobortis.</a>"}, "model": "djangocms_text_ckeditor.text", "pk": 85}, {"fields": {"body": "<a href=\"#\">Etiam luctus velit ac cursus lobortis.</a>"}, "model": "djangocms_text_ckeditor.text", "pk": 86}, {"fields": {"body": "Mar 12 | 2015"}, "model": "djangocms_text_ckeditor.text", "pk": 87}, {"fields": {"body": "Mar 12 | 2015"}, "model": "djangocms_text_ckeditor.text", "pk": 88}, {"fields": {"body": "Aenean eget eleifend nulla. Nunc vel nisi mi. Ut faucibus ornare tempus. Donec non mi et sem convallis tincidunt ac in purus. Nullam tincidunt orci elit, vitae vulputate sapien ullamcorper et. Sed ut est purus. Duis consectetur suscipit ullamcorper. Nam dictum nisl odio, eget maximus ante interdum iaculis urna sapien."}, "model": "djangocms_text_ckeditor.text", "pk": 89}, {"fields": {"body": "Aenean eget eleifend nulla. Nunc vel nisi mi. Ut faucibus ornare tempus. Donec non mi et sem convallis tincidunt ac in purus. Nullam tincidunt orci elit, vitae vulputate sapien ullamcorper et. Sed ut est purus. Duis consectetur suscipit ullamcorper. Nam dictum nisl odio, eget maximus ante interdum iaculis urna sapien."}, "model": "djangocms_text_ckeditor.text", "pk": 90}, {"fields": {"body": "Contact"}, "model": "djangocms_text_ckeditor.text", "pk": 91}, {"fields": {"body": "Contact"}, "model": "djangocms_text_ckeditor.text", "pk": 92}, {"fields": {"body": "<form>\n<input value=\"Name\" type=\"text\">\n<input value=\"Email\" type=\"text\">\n<textarea></textarea>\n<input value=\"SUBMIT\" type=\"submit\">\n</form>"}, "model": "djangocms_text_ckeditor.text", "pk": 93}, {"fields": {"body": "<form>\n<input value=\"Name\" type=\"text\">\n<input value=\"Email\" type=\"text\">\n<textarea></textarea>\n<input value=\"SUBMIT\" type=\"submit\">\n</form>"}, "model": "djangocms_text_ckeditor.text", "pk": 94}, {"fields": {"body": " "}, "model": "djangocms_text_ckeditor.text", "pk": 95}, {"fields": {"body": " "}, "model": "djangocms_text_ckeditor.text", "pk": 96}, {"fields": {"body": "123 MAIN STREET,<label>CITY, COUNTRY</label>"}, "model": "djangocms_text_ckeditor.text", "pk": 97}, {"fields": {"body": "123 MAIN STREET,<label>CITY, COUNTRY</label>"}, "model": "djangocms_text_ckeditor.text", "pk": 98}, {"fields": {"body": " "}, "model": "djangocms_text_ckeditor.text", "pk": 99}, {"fields": {"body": " "}, "model": "djangocms_text_ckeditor.text", "pk": 100}, {"fields": {"body": "<a href=\"mailto:example@email.com\">EMAIL@DOMAIN.COM</a>"}, "model": "djangocms_text_ckeditor.text", "pk": 101}, {"fields": {"body": "<a href=\"mailto:example@email.com\">EMAIL@DOMAIN.COM</a>"}, "model": "djangocms_text_ckeditor.text", "pk": 102}, {"fields": {"body": " "}, "model": "djangocms_text_ckeditor.text", "pk": 103}, {"fields": {"body": " "}, "model": "djangocms_text_ckeditor.text", "pk": 104}, {"fields": {"body": "+0123 456 789"}, "model": "djangocms_text_ckeditor.text", "pk": 105}, {"fields": {"body": "+0123 456 789"}, "model": "djangocms_text_ckeditor.text", "pk": 106}, {"fields": {"body": "Copyrights \u00a9 2015 Emplox. All rights reserved | Template by <a href=\"http://w3layouts.com/\">W3layouts</a>"}, "model": "djangocms_text_ckeditor.text", "pk": 107}, {"fields": {"body": "Copyrights \u00a9 2015 Emplox. All rights reserved | Template by <a href=\"http://w3layouts.com/\">W3layouts</a>"}, "model": "djangocms_text_ckeditor.text", "pk": 108}, {"fields": {"body": "<a href=\"#\"><i class=\"facebook\"></i></a>"}, "model": "djangocms_text_ckeditor.text", "pk": 109}, {"fields": {"body": "<a href=\"#\"><i class=\"facebook\"></i></a>"}, "model": "djangocms_text_ckeditor.text", "pk": 110}, {"fields": {"body": "<a href=\"#\"><i class=\"twitter\"></i></a>"}, "model": "djangocms_text_ckeditor.text", "pk": 111}, {"fields": {"body": "<a href=\"#\"><i class=\"twitter\"></i></a>"}, "model": "djangocms_text_ckeditor.text", "pk": 112}, {"fields": {"body": "<a href=\"#\"><i class=\"dribble\"></i></a>"}, "model": "djangocms_text_ckeditor.text", "pk": 113}, {"fields": {"body": "<a href=\"#\"><i class=\"dribble\"></i></a>"}, "model": "djangocms_text_ckeditor.text", "pk": 114}, {"fields": {"body": "<a href=\"#\"><i class=\"google\"></i></a>"}, "model": "djangocms_text_ckeditor.text", "pk": 115}, {"fields": {"body": "<a href=\"#\"><i class=\"google\"></i></a>"}, "model": "djangocms_text_ckeditor.text", "pk": 116}, {"fields": {"body": "<a href=\"#\"><i class=\"youtube\"></i></a>"}, "model": "djangocms_text_ckeditor.text", "pk": 117}, {"fields": {"body": "<a href=\"#\"><i class=\"youtube\"></i></a>"}, "model": "djangocms_text_ckeditor.text", "pk": 118}, {"fields": {"body": "<a style=\"display: block;\" id=\"toTop\" href=\"#to-top\"> <span style=\"\" id=\"toTopHover\"> </span></a>"}, "model": "djangocms_text_ckeditor.text", "pk": 121}, {"fields": {"body": "<a style=\"display: block;\" id=\"toTop\" href=\"#to-top\"> <span style=\"\" id=\"toTopHover\"> </span></a>"}, "model": "djangocms_text_ckeditor.text", "pk": 122}, {"fields": {"style": "", "free_link": null, "description": null, "width": null, "thumbnail_option": null, "use_original_image": false, "image": null, "caption_text": "", "page_link": null, "crop": true, "height": null, "alt_text": null, "target_blank": false, "image_url": "/static/images/nav-icon.png", "upscale": true, "use_autoscale": false, "link_attributes": {}, "file_link": null, "original_link": false, "alignment": null}, "model": "cmsplugin_filer_image.filerimage", "pk": 3}, {"fields": {"style": "", "free_link": null, "description": null, "width": null, "thumbnail_option": null, "use_original_image": false, "image": null, "caption_text": "", "page_link": null, "crop": true, "height": null, "alt_text": null, "target_blank": false, "image_url": "/static/images/nav-icon.png", "upscale": true, "use_autoscale": false, "link_attributes": {}, "file_link": null, "original_link": false, "alignment": null}, "model": "cmsplugin_filer_image.filerimage", "pk": 4}, {"fields": {"style": "", "free_link": "#", "description": null, "width": null, "thumbnail_option": null, "use_original_image": false, "image": null, "caption_text": "", "page_link": null, "crop": true, "height": null, "alt_text": null, "target_blank": false, "image_url": "/static/images/b1.jpg", "upscale": true, "use_autoscale": false, "link_attributes": {}, "file_link": null, "original_link": false, "alignment": null}, "model": "cmsplugin_filer_image.filerimage", "pk": 67}, {"fields": {"style": "", "free_link": "#", "description": null, "width": null, "thumbnail_option": null, "use_original_image": false, "image": null, "caption_text": "", "page_link": null, "crop": true, "height": null, "alt_text": null, "target_blank": false, "image_url": "/static/images/b1.jpg", "upscale": true, "use_autoscale": false, "link_attributes": {}, "file_link": null, "original_link": false, "alignment": null}, "model": "cmsplugin_filer_image.filerimage", "pk": 68}, {"fields": {"style": "", "free_link": "#", "description": null, "width": null, "thumbnail_option": null, "use_original_image": false, "image": null, "caption_text": "", "page_link": null, "crop": true, "height": null, "alt_text": null, "target_blank": false, "image_url": "/static/images/b2.jpg", "upscale": true, "use_autoscale": false, "link_attributes": {}, "file_link": null, "original_link": false, "alignment": null}, "model": "cmsplugin_filer_image.filerimage", "pk": 75}, {"fields": {"style": "", "free_link": "#", "description": null, "width": null, "thumbnail_option": null, "use_original_image": false, "image": null, "caption_text": "", "page_link": null, "crop": true, "height": null, "alt_text": null, "target_blank": false, "image_url": "/static/images/b2.jpg", "upscale": true, "use_autoscale": false, "link_attributes": {}, "file_link": null, "original_link": false, "alignment": null}, "model": "cmsplugin_filer_image.filerimage", "pk": 76}, {"fields": {"style": "", "free_link": "#", "description": null, "width": null, "thumbnail_option": null, "use_original_image": false, "image": null, "caption_text": "", "page_link": null, "crop": true, "height": null, "alt_text": null, "target_blank": false, "image_url": "/static/images/b3.jpg", "upscale": true, "use_autoscale": false, "link_attributes": {}, "file_link": null, "original_link": false, "alignment": null}, "model": "cmsplugin_filer_image.filerimage", "pk": 83}, {"fields": {"style": "", "free_link": "#", "description": null, "width": null, "thumbnail_option": null, "use_original_image": false, "image": null, "caption_text": "", "page_link": null, "crop": true, "height": null, "alt_text": null, "target_blank": false, "image_url": "/static/images/b3.jpg", "upscale": true, "use_autoscale": false, "link_attributes": {}, "file_link": null, "original_link": false, "alignment": null}, "model": "cmsplugin_filer_image.filerimage", "pk": 84}, {"fields": {"style": "", "free_link": "#home", "description": null, "width": null, "thumbnail_option": null, "use_original_image": false, "image": null, "caption_text": "", "page_link": null, "crop": true, "height": null, "alt_text": null, "target_blank": false, "image_url": "/static/images/top.png", "upscale": true, "use_autoscale": false, "link_attributes": {}, "file_link": null, "original_link": false, "alignment": null}, "model": "cmsplugin_filer_image.filerimage", "pk": 119}, {"fields": {"style": "", "free_link": "#home", "description": null, "width": null, "thumbnail_option": null, "use_original_image": false, "image": null, "caption_text": "", "page_link": null, "crop": true, "height": null, "alt_text": null, "target_blank": false, "image_url": "/static/images/top.png", "upscale": true, "use_autoscale": false, "link_attributes": {}, "file_link": null, "original_link": false, "alignment": null}, "model": "cmsplugin_filer_image.filerimage", "pk": 120}]